Seq_ID,Cluster,Heavy_chain,Light_chain,CDRH1_seq,CDRH1_pos,CDRH2_seq,CDRH2_pos,CDRH3_seq,CDRH3_pos,CDRL1_seq,CDRL1_pos,CDRL2_seq,CDRL2_pos,CDRL3_seq,CDRL3_pos,CDR_concat
Sequence_1,1,QVQLVQSGAEVKKPGSSVKVSCKASGDTFGSNAINWVRQAPGQGLEWMGGIIPIIGLANYAQKFQGRVTIIADKSTNTAYMELSSLRYEDTAVYYCARGISERYFDWILPDYFFPHYMDVWGKGTTVAVSS,EIVLTQSPGTLSLSPGERATLSCRASQSVSSSHLAWYQQKPGQAPRLLIYGASSRATGIPDRFSGSGSGTDFTLTISRLEPEDFAVYYCQQYGSSPWTFGQGTTVEIK,KASGDTFGSNAIN,23-35,GIIPIIGLAN,50-59,ARGISERYFDWIPFFYDPLHYMDV,97-120,RASQSVSSSHLA,24-35,YGASSRAT,50-57,QQYGSSPWT,90-98,KASGDTFGSNAINGIIPIIGLANARGISERYFDWIPFFYDPLHYMDVRASQSVSSSHLAYGASSRATQQYGSSPWT
Sequence_10,1,EVQVVESGGGLVKPGGSLRLSCAASGFTFSNAWMTWVRQVPGKGLEWVGHIKSKTYGATTDYASPVKGRFTISRDDSKDTVYLKMNSLKTEDTGMYYCTTDHSRFDWILYPGNENYFYGMDVWGQGTTVTVSS,DTVMTQSPLFLPVTPGEPASISCRSSQSLLHSNGHNYLDWYLQKPGQSPQLLIYLGSNRASGVPDRFSGSGSGTDFTLKISRVEAEDVGVYYCMQVLQTPPTFGQGTKVEIK,AASGFTFSNAWMT,23-35,HIKSKTYGATTD,50-61,TTDHSRFDWILYFYNENGPYGMDV,99-122,RSSQSLLHSNGHNYLD,24-39,YLGSNRAS,54-61,MQVLQTPPT,94-102,AASGFTFSNAWMTHIKSKTYGATTDTTDHSRFDWILYFYNENGPYGMDVRSSQSLLHSNGHNYLDYLGSNRASMQVLQTPPT
Sequence_100,1,QVQLVESGGGVVQPGRSLRLSCAASGFTFSSYGMHWVRQAPGKGLEWVAVVYYDGNSKYYSDSVKGRFTISRDNSKNTLYLQMNSLRAEDTAVYYCARDVYLGSVTYYDFEDWGQGTLVTVSS,EIVLTQSPATLSLSPGERVTLSCRASQSVSNYLAWYQQKPGQAPRLLIYDASIRATGIPARFSGSGSGTDFTLTISSLEPEDFAFYYCQQRSKWPPVYTFGQGTKLEIR,AASGFTFSSYGMH,23-35,VVYYDGNSKY,50-59,ARDVYLGSYTVYDFED,97-112,RASQSVSNYLA,24-34,YDASIRAT,49-56,QQRSKWPPVYT,89-99,AASGFTFSSYGMHVVYYDGNSKYARDVYLGSYTVYDFEDRASQSVSNYLAYDASIRATQQRSKWPPVYT
Sequence_103,1,QVQLVESGGGVVQPGRSLRLSCAASGFTFSNYGMHWVRQAPGGGLEWVSIIWYDGNNKYYADSVKGRFIISRDNSKNTVYLQMNSLRAEDTGVYYCARTGGEGLTLDYWGQGTLVTVSS,DIVMTQSPLSLPVTPGEPASFSCRSSQSLLHSNGYNYLNWYLQKPGQSPQLLIYLGSHRASGVPARFSGSGSGTDFTLKITRVEAEDVGVYYCMEALQIPHTFGQGTKLEIK,AASGFTFSNYGMH,23-35,IIWYDGNNKY,50-59,ARTGGEGLTLDY,97-108,RSSQSLLHSNGYNYLN,24-39,YLGSHRAS,54-61,MEALQIPHT,94-102,AASGFTFSNYGMHIIWYDGNNKYARTGGEGLTLDYRSSQSLLHSNGYNYLNYLGSHRASMEALQIPHT
Sequence_11,1,EAQLVESGGGLVKPGGSLRLSCAASGFTFNNAWMSWVRQAPGQGLEWIGLIKSKIDGETTDYAAPVKGRFTISRDDSKNTLYLQMSSLKTEDTAVYYCTTESNWSFFDYWGQGTLVTVSS,DIQMTQSPSSLSASVGDRVTITCRASQSISRYLNWYQQKPGKAPKVLIYGASGLRSGVPSRFSGSGSGTDFTLTISSLQPEDFATYYCQQSYNTPRTFGQGTMLEIK,AASGFTFNNAWMS,23-35,LIKSKIDGETTD,50-61,TTESNWSFFDY,99-109,RASQSISRYLN,24-34,YGASGLRS,49-56,QQSYNTPRT,89-97,AASGFTFNNAWMSLIKSKIDGETTDTTESNWSFFDYRASQSISRYLNYGASGLRSQQSYNTPRT
Sequence_12,1,QVPVVQSGAEVKQPGASVRVSCKASGYDFLGYYMHWVRQAPGQGLEWMGWINPNSGGTDYAQKFQGRVTMTRDTSISTAYMELTRLRSDDTAIYFCARAGNWEPFRNWGRGTLITVSS,DIQMTQSPSTLSASVGDRVTITCRASQSISGWLAWYQQKPGKAPKLLIYGASSLESGVPSRFSGSGSGTEFTLTISSLQPDDFATYYCQQYSSYWTFGLGTKVEIK,KASGYDFLGYYMH,23-35,WINPNSGGTD,50-59,ARAGNWEPFRN,97-107,RASQSISGWLA,24-34,YGASSLES,49-56,QQYSSYWT,89-96,KASGYDFLGYYMHWINPNSGGTDARAGNWEPFRNRASQSISGWLAYGASSLESQQYSSYWT
Sequence_13,1,EVQLLESGGGLVQPGGSLRLSCAASGFTFSSYAMSWVRQAPGKGLEWVAGISGSGGSTYYADSVKGRFTISRDNSKNTLYVQMNSLRVEDTAVYYCAKEGLGELRHFDWILPGDCYGMDVWGQGTTVTVSS,EIVLTQSPGTLSLSPGERATLSCRASQSVSSTYLAWYQQKPGQAPRLLISGACSRATGIPDRFSSSGSGTDFTLTISRLEPEDSAVYYCQYYGSSPPHTFGQGTKLEIK,AASGFTFSSYAMS,23-35,GISGSGGSTY,50-59,AKEGLGELRHFDCDGPLIWYGMDV,97-120,RASQSVSSTYLA,24-35,SGACSRAT,50-57,QYYGSSPPHT,90-99,AASGFTFSSYAMSGISGSGGSTYAKEGLGELRHFDCDGPLIWYGMDVRASQSVSSTYLASGACSRATQYYGSSPPHT
Sequence_14,1,QVQLVESGGGVVQPGRSLRLSCAASGFTFSSYGMHWVRQTPGKGLEWVAVIWYDGSKKYYGDSVKGRFTISRDNSKNTVYLQMNSLRVEDTAVYYCATAKVTQSAGTDYWGQGTLVTVSS,DIQMTQSPSTLSASVGDRVTITCRASQSISSWLAWYQQKPGKAPKFLIYKASILESGVPSRFSGSGSGTEFTLTISSLQPDDFATYYCQQYNSHPLTFGGGTKVEIK,AASGFTFSSYGMH,23-35,VIWYDGSKKY,50-59,ATAKVTQSAGTDY,97-109,RASQSISSWLA,24-34,YKASILES,49-56,QQYNSHPLT,89-97,AASGFTFSSYGMHVIWYDGSKKYATAKVTQSAGTDYRASQSISSWLAYKASILESQQYNSHPLT
Sequence_15,1,QVQLVQSGAEVKKPGSSVKVSCKASGGTLSTYGISWVRQAPGQGLEWMGGIIPIFGTAHYAQRFQGRVTITADESTSVAYMELSSLRSEDTAVYYCARGRYFDWLLSPDYYYYEMEVWGQGTTVTVSS,EIVLTQSPATLSLSPGERATLSCRASQSVSSYLAWYQQKPGQAPRLLIYDASNRATGIPARFSGSGSGTDFTLTISSLEPEDFAVYYCQQRSNSVTFGQGTKLEIK,KASGGTLSTYGIS,23-35,GIIPIFGTAH,50-59,ARGRYFDWLLSYYYDPYEMEV,97-117,RASQSVSSYLA,24-34,YDASNRAT,49-56,QQRSNSVT,89-96,KASGGTLSTYGISGIIPIFGTAHARGRYFDWLLSYYYDPYEMEVRASQSVSSYLAYDASNRATQQRSNSVT
Sequence_16,1,QVQLVESGGGVVQPGRSLRLSCAASGFTFSNYGMHWLRQAPGKGLEWLAVIWYDGINKYYADSVQGRFATSRDNSKNTLYLQMNTLRAEDTAVYYCARVGISYGVNSHAFDIWGQGTMVTVSS,DIQMTQSPSSLSASVGDRVTITCRASQSINNYLNWYQQKPGEAPKLLIYAASTLQRGVPSRFSGSGSGTDFTLTISSLQPEDFATYYCQQSDSTPLTFGGGTKVEIK,AASGFTFSNYGMH,23-35,VIWYDGINKY,50-59,ARVGISYGSNVHAFDI,97-112,RASQSINNYLN,24-34,YAASTLQR,49-56,QQSDSTPLT,89-97,AASGFTFSNYGMHVIWYDGINKYARVGISYGSNVHAFDIRASQSINNYLNYAASTLQRQQSDSTPLT
Sequence_18,1,QVPVVQSGAEVKQPGASVRVSCKASGYDFLGYYMHWVRQAPGQGLEWMGWINPNSGGTDYAQKFQGRVTMTRDTSISTAYMELTRLRSDDTAIYFCARAGNWEPFRNWGRGTLITVSS,DIQMTQSPSTLSASVGDRVTITCRASQSISGWLAWYQQKPGKAPKLLIYGASSLESGVPSRFSGSGSGTEFTLTISSLQPDDFATYYCQQYSSYWTFGLGTKVEIK,KASGYDFLGYYMH,23-35,WINPNSGGTD,50-59,ARAGNWEPFRN,97-107,RASQSISGWLA,24-34,YGASSLES,49-56,QQYSSYWT,89-96,KASGYDFLGYYMHWINPNSGGTDARAGNWEPFRNRASQSISGWLAYGASSLESQQYSSYWT
Sequence_19,1,QVPVVQSGAEVKQPGASVRVSCKASGYDFLGYYMHWVRQAPGQGLEWMGWINPNSGGTDYAQKFQGRVTMTRDTSISTAYMELTRLRSDDTAIYFCARAGNWEPFRNWGRGTLITVSS,DIQMTQSPSTLSASVGDRVTITCRASQSISSWLAWYQQKPGKAPKLLIYHASTLESGVPSRFSGSGSGTEFTLTISSLQPDDFATYYCQQYSSYWTFGQGTKVEIK,KASGYDFLGYYMH,23-35,WINPNSGGTD,50-59,ARAGNWEPFRN,97-107,RASQSISSWLA,24-34,YHASTLES,49-56,QQYSSYWT,89-96,KASGYDFLGYYMHWINPNSGGTDARAGNWEPFRNRASQSISSWLAYHASTLESQQYSSYWT
Sequence_2,1,QVQLVESGGGVVQPGRSLRLSCAASGFTFSSVGMHWVRQAPGKGLEWVAVIWYDGSNKYYAESVEGRFIISRDNSKNTLYLQMNSLRVEDTAVYYCAREGFLGRKFNWFDPWGQGTLVTVSS,EIVLTQSPATLSLSPGERATLSCRASQSVSSYLAWYQQKPGQAPRLLIYDTSTRATGIPARFSGSGSGPDFTLTISSLEPEDFAVYFCLQRNDWPPTYTFGQGTKLEIK,AASGFTFSSVGMH,23-35,VIWYDGSNKY,50-59,AREGFLGRFKNWFDP,97-111,RASQSVSSYLA,24-34,YDTSTRAT,49-56,LQRNDWPPTYT,89-99,AASGFTFSSVGMHVIWYDGSNKYAREGFLGRFKNWFDPRASQSVSSYLAYDTSTRATLQRNDWPPTYT
Sequence_20,1,QVHLVQSGPELKKPGASVKVSCKASGYTFTNYGVSWVRQAPGQGLEWVGWISGHNGNTRYSQKFQGRVTMTTDTSTNTAYMDLRSLTSDDTAVFYCARDCSNRYADWLLPNTCNFDYWGQGTLVTVS,AIQLTQSPSSLSGSVGDRVTITCRASQGINNALAWYQQTPGKAPKLLIYDASSLHSGVPSRFSGSGSGTDFTLTISSLQPEDFATYYCQHFNNYVTFGGGTKVEIK,KASGYTFTNYGVS,23-35,WISGHNGNTR,50-59,ARDCSNRYADWTNPLLCNFDY,97-117,RASQGINNALA,24-34,YDASSLHS,49-56,QHFNNYVT,89-96,KASGYTFTNYGVSWISGHNGNTRARDCSNRYADWTNPLLCNFDYRASQGINNALAYDASSLHSQHFNNYVT
Sequence_21,1,QVQLVQSGAEVKKPGASVKVSCKASGYTFTTYGINWVRQAPGQGLEWMGWISAYNGNTNYAQKLQGRVTMTTDTSTSTAYMELRSLRSDDTAVYYCATDTRYFDWILYPPNDAFDVWGQGTMVTVSS,DIQMTQSPSSVSASVGDRVTITCRASQGISIYLAWYQQKPGKAPNLLIYAASSLQSGVPSRFSGSGSGTDFTLTISSLQPEDFASYYCQQANSFPYSFGQGTKLEIK,KASGYTFTTYGIN,23-35,WISAYNGNTN,50-59,ATDTRYFDWINPPYLDAFDV,97-116,RASQGISIYLA,24-34,YAASSLQS,49-56,QQANSFPYS,89-97,KASGYTFTTYGINWISAYNGNTNATDTRYFDWINPPYLDAFDVRASQGISIYLAYAASSLQSQQANSFPYS
Sequence_25,1,QVQLVESGGGVVQPGRSLRLSCAASGFTFSNYGMHWVRQAPGKGLEWVAAIWYDGSNQYYADSVRGRFTISRDNSNNTLYLQMNSLRAEDTAVYYCARRYCSGTSCFSWIDYWGQGTLVTVSS,EIVLTQSPGTLSLSPGERATLSCRASQSVSSSYLAWYQQKPGQAPRLLIYGASSRATGIPDRFSGSGSGTDFTLTISRLEPEDFAVYYCQQYGFSKLTFGGGTKVEI,AASGFTFSNYGMH,23-35,AIWYDGSNQY,50-59,ARRYCSGTFCSSWIDY,97-112,RASQSVSSSYLA,24-35,YGASSRAT,50-57,QQYGFSKLT,90-98,AASGFTFSNYGMHAIWYDGSNQYARRYCSGTFCSSWIDYRASQSVSSSYLAYGASSRATQQYGFSKLT
Sequence_26,1,QVQLVESGGGVVQPGRSLRLSCAASGFTFSNYGMHWVRQPPGKGLEWVAVIWYDGINKYYSDSVKGRFTISRDNSMNTLHLQMNSLRAEDTAIYYCTREGFAGRLNNWFDPWGQGTLVTVSS,EIVLTQSPATLSVSPGERATLSCTASQSVSSYLAWYQQKPGQAPRLLIYDTSYRATDIPARFSGSGSGTDFTLTISSLEPEDFAVYYCQQRNNWPPAYSFGQGTKLEI,AASGFTFSNYGMH,23-35,VIWYDGINKY,50-59,TREGFAGRNLNWFDP,97-111,TASQSVSSYLA,24-34,YDTSYRAT,49-56,QQRNNWPPAYS,89-99,AASGFTFSNYGMHVIWYDGINKYTREGFAGRNLNWFDPTASQSVSSYLAYDTSYRATQQRNNWPPAYS
Sequence_27,1,QVQLVQSGAEVKKPGASVKVSCKASGYPFNGYYMHWLRQAPGQGLEWMGWINPNSGGTSYAQKFQGRVTMTRDTSISAAYLDLGRLRSDDTAVYYCARAGYWNPFDFWGQGTLVTVSS,DIQMTQSPSTLSASVGDRVTITCRASQSISSWLAWYQQKPGKAPKLLIDQASTLQSGVPSRFSGSGSGTEFTLTISSLQPDDFATYYCQQYNSYWTFGQGTKVEIK,KASGYPFNGYYMH,23-35,WINPNSGGTS,50-59,ARAGYWNPFDF,97-107,RASQSISSWLA,24-34,DQASTLQS,49-56,QQYNSYWT,89-96,KASGYPFNGYYMHWINPNSGGTSARAGYWNPFDFRASQSISSWLADQASTLQSQQYNSYWT
Sequence_28,1,QEQLVESGGGVVQPGRSLRLSCAASGFTFSSYGMHWVRQAPGKGLEWVAIISYDGSNKYHADSVKGRFTISRDNSKNTLYLQVNSLRAEDTAVYYCAKDQYCISDRCYPTYWGQGTLVTVSS,EIVMTQSPATLSVSPGERATLSCRASQSVNSNLAWYHQKPGQAPRLLIYGASIRATGIPARFSGSGSGTEFTLTISSLQSEDFAVYYCQHFNNWPFTFGGGTKVEIK,AASGFTFSSYGMH,23-35,IISYDGSNKY,50-59,AKDQYCISRDCYPTY,97-111,RASQSVNSNLA,24-34,YGASIRAT,49-56,QHFNNWPFT,89-97,AASGFTFSSYGMHIISYDGSNKYAKDQYCISRDCYPTYRASQSVNSNLAYGASIRATQHFNNWPFT
Sequence_29,1,QVQLVESGGGVVQPGRSLRLSCAASGFTFDNFGMHWVRQAPGKGLEWVATIYYDGSNKYYVDSVKGRFTISRDNSRNTVYLQMNSLRAEDTAVYFCARDGGTTQSFDYWGQGTLVTVSS,DIVMTQSPLSLPVTPGEPASISCRSSQSLLHSNGYNYLNWYLQKPGQSPQLLIYLVSNRASGVPDRFSGSGSGTDFTLKLSRVEAEDVGVYYCMQALQTPYSFGQGTKLEIK,AASGFTFDNFGMH,23-35,TIYYDGSNKY,50-59,ARDGGTTQSFDY,97-108,RSSQSLLHSNGYNYLN,24-39,YLVSNRAS,54-61,MQALQTPYS,94-102,AASGFTFDNFGMHTIYYDGSNKYARDGGTTQSFDYRSSQSLLHSNGYNYLNYLVSNRASMQALQTPYS
Sequence_3,1,QEQLVESGGGVVQPGRSLRLSCAASGFTFSSYGMHWVRQAPGKGLEWVAIISYDGSNKYHADSVKGRFTISRDNSKNTLYLQVNSLRAEDTAVYYCAKDQYCISDRCYPTYWGQGTLVTVSS,EIVMTQSPATLSVSPGERATLSCRASQSVNSNLAWYHQKPGQAPRLLIYGASIRATGIPARFSGSGSGTEFTLTISSLQSEDFAVYYCQHFNNWPFTFGGGTKVEIK,AASGFTFSSYGMH,23-35,IISYDGSNKY,50-59,AKDQYCISRDCYPTY,97-111,RASQSVNSNLA,24-34,YGASIRAT,49-56,QHFNNWPFT,89-97,AASGFTFSSYGMHIISYDGSNKYAKDQYCISRDCYPTYRASQSVNSNLAYGASIRATQHFNNWPFT
Sequence_31,1,QVQLVESGGGVVQPGTSLRLSCAASGFSFSSSGMHWVRQAPGKGLEWVAVIWYDGNNKYYADSVKGRFTISRDNSKDMLYLQMDSLRPEDTAIYYCARESFLGRVSNWFDAGGQGTLVTVSS,EIVLTQSPVTLSLSPGERATLSCRASQSVSSNLAWYQHKPGQAPRLLIYDASIRATGIPPRFSGSGSGTDFTLTISSLEPEDFAVYYCLQRRSWPPAYSFGQGTKLEIK,AASGFSFSSSGMH,23-35,VIWYDGNNKY,50-59,ARESFLGRSVNWFDA,97-111,RASQSVSSNLA,24-34,YDASIRAT,49-56,LQRRSWPPAYS,89-99,AASGFSFSSSGMHVIWYDGNNKYARESFLGRSVNWFDARASQSVSSNLAYDASIRATLQRRSWPPAYS
Sequence_32,1,QVQLVESGGGVVQPGRSLRLSCAASGFTFSSSGMHWVRQAPGKGLEWVAVIWYDGNNKYYADSVKGRFTISRDNSNNTLYLQMNSLRAEDTAVYYCAREGFLGRLYNWFDPWGQGTLVTVSS,ENVLTQSPATLSLSPGERATLSCRASQSVGSYLAWYQQKPGQAPRLLIYDASNRATGIPARFSGSGSGPDFTLTISSLEPEDFAVYYCLQRRNWPPAYTFGQGTKLEIK,AASGFTFSSSGMH,23-35,VIWYDGNNKY,50-59,AREGFLGRYLNWFDP,97-111,RASQSVGSYLA,24-34,YDASNRAT,49-56,LQRRNWPPAYT,89-99,AASGFTFSSSGMHVIWYDGNNKYAREGFLGRYLNWFDPRASQSVGSYLAYDASNRATLQRRNWPPAYT
Sequence_35,1,QVQLVQSGAEVKKPGSSVKVSCKASGGTFSSYVISWVRQAPGLGLEWMGGIIPMYVTTNYAQKFQGRVTITADESTSTAYMELSSLRSEDAAVYYCARAGEYYDILTDSRIRHFKNRYYNYYGMDVWGQGTTVTVSS,DIVMTQPPLSLPVTPGEPASISCRSSQSLLHSNGYNYLDWYVQKPGQSPQLLMYLGSNRASGVSDRFSGSGSGTDFTLKISRVEAEDVGVYYCMQALQTPDTFGQGTKLEIK,KASGGTFSSYVIS,23-35,GIIPMYVTTN,50-59,ARAGEYYDILTDSRIYNYYRNKFHRYGMDV,97-126,RSSQSLLHSNGYNYLD,24-39,YLGSNRAS,54-61,MQALQTPDT,94-102,KASGGTFSSYVISGIIPMYVTTNARAGEYYDILTDSRIYNYYRNKFHRYGMDVRSSQSLLHSNGYNYLDYLGSNRASMQALQTPDT
Sequence_38,1,QVQLVESGGGVVQPGRSLRLSCAASGFSFSSYGMHWVRQGPGQGLEWVALIWYDGSNKFYADSVKGRFTISRDNSKNTLYLQMNSLRVEDTASYYCAAEGVAPDGALNFWGLGTMVTVSS,DILMTQSPLSLPVTPGEPASISCRSSQSLLHSNGYNYLQWYLQKPGQSPQLLIHLGSNRASGVPGRFSGSGSGTDFTLKITRVEAEDVGVYYCMQALQAPITFGQGTRLEIK,AASGFSFSSYGMH,23-35,LIWYDGSNKF,50-59,AAEGVAPDGALNF,97-109,RSSQSLLHSNGYNYLQ,24-39,HLGSNRAS,54-61,MQALQAPIT,94-102,AASGFSFSSYGMHLIWYDGSNKFAAEGVAPDGALNFRSSQSLLHSNGYNYLQHLGSNRASMQALQAPIT
Sequence_4,1,EVQLVESGGGLVKPGGSLRLSCAASGFTFNNAWMTWVRQAPGKGLEWIGRIKSEIDGGTADYAAPVKGRFTLSRDDSKNTLYLQMNSLKIEDTAVYYCVIESNWNFFEYWGQGTLVTVSS,DIQMTQSPSSLSASVGDRVTITCRASQSVSNYLNWYQQKPGKAPKLLIYVASNLLSGVPSRFSGSGSGTDFTLTISSLQPEDFATYYCQQSYSLPRTFGQGTKLEIK,AASGFTFNNAWMT,23-35,RIKSEIDGGTAD,50-61,VIESNWNFFEY,99-109,RASQSVSNYLN,24-34,YVASNLLS,49-56,QQSYSLPRT,89-97,AASGFTFNNAWMTRIKSEIDGGTADVIESNWNFFEYRASQSVSNYLNYVASNLLSQQSYSLPRT
Sequence_42,1,QVQLQESGPGLVKPSQTLSLTCTVSGGSISSGTYYWSWIRQPAGKGLEWIGRIYTSGNTDYNPSLKSRITISVDTSKNQFSLELSSVTAADTAVYYCAREERGRFDWLLSYSDPSHYYYMDVWGQGTTVTVSS,DIQMTQSPSSLSASVGDRVTITCRASQSINSYLNWYQQRPGIAPKLLIYAASSLQSGVPSRFSGSGSGTDFTLTISSLHPEDFATYYCQHIYSIPWTFGQGTKVAIK,TVSGGSISSGTYYWS,23-37,RIYTSGNTD,52-60,AREERGRFDWLLSYHSPDSYYYMDV,98-122,RASQSINSYLN,24-34,YAASSLQS,49-56,QHIYSIPWT,89-97,TVSGGSISSGTYYWSRIYTSGNTDAREERGRFDWLLSYHSPDSYYYMDVRASQSINSYLNYAASSLQSQHIYSIPWT
Sequence_43,1,QVQLVQSGAEVKKPGSSVKVKVSCKASGGTFTTNAISWVRQAPGQGLEWMGGIIPIFGTANYAQKFQDRVTITADESTSTAYMELSSLISEDTAVYYCASTIRYFDWVLPNFYSSMDVWGQGTTVTVSS,EIVLTQSPGTLSLSPGERATLSCRASQSVSSSHLAWYQQKPGQAPRLLIYDASSRATGIPDRFSGSGSGTDFTLTISRLEPEDFAVYYCQQYGSSPLFGGGTKVEIK,KASGGTFTTNAIS,25-37,GIIPIFGTAN,52-61,ASTIRYFDWVYFNPLSSMDV,99-118,RASQSVSSSHLA,24-35,YDASSRAT,50-57,QQYGSSPL,90-97,KASGGTFTTNAISGIIPIFGTANASTIRYFDWVYFNPLSSMDVRASQSVSSSHLAYDASSRATQQYGSSPL
Sequence_44,1,EVQLVESGGGFVKPGGSLRLSCAASGFTFSNDWMSWVRQAPGKGLEWVGRIKSKRDGGTTDYAAPVRGRFTISRDDLKNTLFLQMDSLKTEDTAVYYCTTGARYFDWLLLDVSYFDYWGRGTQVTVSS,DIQMTQSPSSLSASVGHRVTISCRTSQSIGTFLHWYQQKAGKAPRLLIYATSNLHSGVPSRFSGSGSGTDFTLTISSLQPEDFATYYCQQSYSPPLTFGGGTKVEIK,AASGFTFSNDWMS,23-35,RIKSKRDGGTTD,50-61,TTGARYFDWLVDLLSYFDY,99-117,RTSQSIGTFLH,24-34,YATSNLHS,49-56,QQSYSPPLT,89-97,AASGFTFSNDWMSRIKSKRDGGTTDTTGARYFDWLVDLLSYFDYRTSQSIGTFLHYATSNLHSQQSYSPPLT
Sequence_46,1,QVQLVQSGGGVVQPGRSLRLSCAASGFTFRNYGMHWVRQAPGKGLEWVALIYYDEVTKVYADSVKGRFTVSRDNSENILYLQIISLRVEDTAIYYCARVGGEGLVDYWGQGSLITVSS,DIVMTQSPLSLPVTPGEPASISCRSSQSLLQSNGYNYLNWYLQKPGQSPQLLIYLGSYRASGVPDRFSGSGSGTDFTLKISRVEAEDVGVYYCMQALQTPLTFGGGTKVEIK,AASGFTFRNYGMH,23-35,LIYYDEVTKV,50-59,ARVGGEGLVDY,97-107,RSSQSLLQSNGYNYLN,24-39,YLGSYRAS,54-61,MQALQTPLT,94-102,AASGFTFRNYGMHLIYYDEVTKVARVGGEGLVDYRSSQSLLQSNGYNYLNYLGSYRASMQALQTPLT
Sequence_47,1,QLQLQESGPGLVKPSETLALTCTVSGGSISSGSNYWGWIRQPPGKGLEWIGSIYYTGSTYDNPSFKSRVTMSVDTYQNQFSLRMSSVTAADTAMYYCARHVYSGWYLKWFDPWGQGTLVTVSS,EIVLTQSPATLSLSPGERATLSCRASQSVSSYLAWYQQKAGQAPRLLIYDASNRATGVPARFDGSGSGTDFTLTISSLEPEDFAVYYCQQRSNWPMWTFGQGTKVEIK,TVSGGSISSGSNYWG,23-37,SIYYTGSTY,52-60,ARHVYSGWLYKWFDP,98-112,RASQSVSSYLA,24-34,YDASNRAT,49-56,QQRSNWPMWT,89-98,TVSGGSISSGSNYWGSIYYTGSTYARHVYSGWLYKWFDPRASQSVSSYLAYDASNRATQQRSNWPMWT
Sequence_48,1,QVHLVESGGGVVQPGRSLRLSCAASGFTFSSFGMHWVRQTPAKGLEWVAVISYDGSHKWFVDSVKGRFTISRDNSKNTLYLQMNSLRTEDTAVYYCAIDGPYCGGGRCYSGYWGQGTLVTVSS,DIQLTQSPSFLSASVGDRVTITCRASQGISSYLAWYQQKPGKAPKLLIYAASTLQSGVPSRFSGSGSGTEFTLTISSLQPDDFATYYCQQLNSYPYTFGQGTKLEIK,AASGFTFSSFGMH,23-35,VISYDGSHKW,50-59,AIDGPYCGRGGCYSGY,97-112,RASQGISSYLA,24-34,YAASTLQS,49-56,QQLNSYPYT,89-97,AASGFTFSSFGMHVISYDGSHKWAIDGPYCGRGGCYSGYRASQGISSYLAYAASTLQSQQLNSYPYT
Sequence_49,1,QVQLVESGGGLVKPGGSLRLSCAASGFTFSDFYMSWIRQAPGKGLEWVSYISGSGTYTNYADSVKGRFTISKDNAKNSLYLQMNSLRVEDTAVYYCVRDRTQISWELPENYYYHGMDVWGQGTTVSVSS,DIQLTQSPSFLSASVGDRVTITCRASQGISSYLAWYQQKPGKAPKLLIYAASTLQSGVPSRFSGSLSGTEFTLTISSLQPEDFATYYCQQLNSYPYTFGQGTKLEIK,AASGFTFSDFYMS,23-35,YISGSGTYTN,50-59,VRDRTQISWELYYYNEPHGMDV,97-118,RASQGISSYLA,24-34,YAASTLQS,49-56,QQLNSYPYT,89-97,AASGFTFSDFYMSYISGSGTYTNVRDRTQISWELYYYNEPHGMDVRASQGISSYLAYAASTLQSQQLNSYPYT
Sequence_5,1,EVQLLESGGGLIQPGGSLRLSCAASGFPFSTYAMSWVRQAPGRGLEWVSGISGSGGNTDYAAPVKGRFTISRDNSKNTLYLQMNSLRAEDTAMYYCAKDPSALRSFAWLLEDAFDVWGQGTMVTVSS,EIVLTQSPATLSLSPGERATLSCRASQSVSSNSLAWYQQKPGRAPRLLIYDVSSRAIGLPDRISGSGSGTDFTLTISRLEPEDFAVYYCQQYGTSPGWTFGQGTKVEIK,AASGFPFSTYAMS,23-35,GISGSGGNTD,50-59,AKDPSALRSFELLWADAFDV,97-116,RASQSVSSNSLA,24-35,YDVSSRAI,50-57,QQYGTSPGWT,90-99,AASGFPFSTYAMSGISGSGGNTDAKDPSALRSFELLWADAFDVRASQSVSSNSLAYDVSSRAIQQYGTSPGWT
Sequence_50,1,QVQLVQSGAEVKTPGSSVKVSCKASGGTFTNYPFSWVRQAPGQGPEWMGGIFPMFDVTKYAQKLQGRVTITADKSTNTAYMELSSLTSEDTAVYYCARDILPGSSFAWLLPDFYYYGMDVWGQGTTVTVSS,EIVLTQSPATLSLSPGERATLSCRASQSVSNYLAWYQQKPGQAPRLLIYDASNRATGVPARFSGSGSGTDFTLTISSLEPEDFAVYYCQQRSTWPLTFGQGTKLEIK,KASGGTFTNYPFS,23-35,GIFPMFDVTK,50-59,ARDILPGSSFAWYYFDPLLYGMDV,97-120,RASQSVSNYLA,24-34,YDASNRAT,49-56,QQRSTWPLT,89-97,KASGGTFTNYPFSGIFPMFDVTKARDILPGSSFAWYYFDPLLYGMDVRASQSVSNYLAYDASNRATQQRSTWPLT
Sequence_51,1,EVQLVESGGGLVKTGRSLRLSCTTSGFTFGDYAVSWFRQAPGKGLEWVGFIRHPGYGGATEYAASVKGRFTISRDDSKRIAYLQMNSLKNEDTAVYYCTRGRVSRHFDWVLWDFHYYIMDVWGQGTTVTVSS,DIQMTQSPSSLSASVGDRVTITCQASQDISNYLNWYQHKPGKAPKLLIYDTSNLETGVPSRFSGSGSGTDFSFIISSLQPEDIATYYCQQYANLPFTFGPGTKVDFK,TTSGFTFGDYAVS,23-35,FIRHPGYGGATE,50-61,TRGRVSRHFDWVYHFDWLYIMDV,99-121,QASQDISNYLN,24-34,YDTSNLET,49-56,QQYANLPFT,89-97,TTSGFTFGDYAVSFIRHPGYGGATETRGRVSRHFDWVYHFDWLYIMDVQASQDISNYLNYDTSNLETQQYANLPFT
Sequence_52,1,QVQLAQSGAEVKKPGSSVKVSCKASGVTFSSFAISWARQAPGQGLEWMGGIIPVYGTTNYAQKFHGRITITADQSTGTIYMELSSLRSEDTATYYCASDLRQYFDWLIDPYYYHAMDVWGQGTTVTVSP,EIVLTQSPGTLSLSPGERATLSCRASQAFGSNYLAWYQQKPGQAPRLLIYTTSTRATGIPDRFSGSGSGTDFTLTISKLEPEDFAVYYCQQYGSSLTFGGGTKVEIK,KASGVTFSSFAIS,23-35,GIIPVYGTTN,50-59,ASDLRQYFDWLYYYPDIHAMDV,97-118,RASQAFGSNYLA,24-35,YTTSTRAT,50-57,QQYGSSLT,90-97,KASGVTFSSFAISGIIPVYGTTNASDLRQYFDWLYYYPDIHAMDVRASQAFGSNYLAYTTSTRATQQYGSSLT
Sequence_53,1,EVQLVESGGGLVKPGGSLRLSCAGSGFTFSNAWMSWVRQAPGKGLEWVGRIKSESGGGTIDYAAPVKGRFTISRDDSKDTLYLQMKSLKTEDTAVYYCTTEGHYFDWLLPPYYYGMDVWGQGTTVSVSS,DIVMTQPPLSLPVTPGEPASISCRSSQSLLHTNGYNYLDWYLQKPGQSPHLLIYLGSTRASGVPDRFSGSGSGTDFTLKISRVEAEDVGVYYCMQALQTPHTFGQGTKLEIK,AGSGFTFSNAWMS,23-35,RIKSESGGGTID,50-61,TTEGHYFDWLYYPPLYGMDV,99-118,RSSQSLLHTNGYNYLD,24-39,YLGSTRAS,54-61,MQALQTPHT,94-102,AGSGFTFSNAWMSRIKSESGGGTIDTTEGHYFDWLYYPPLYGMDVRSSQSLLHTNGYNYLDYLGSTRASMQALQTPHT
Sequence_54,1,QVQLVQSGAEVKKPGASVKVSCKASGYAFTGYFIHWMRQTPGQGLEWMGWVNPNSGGTDYAQKFRGRVTMTTDTSISTAYMELSRLNSDDTAVYYCAKAGYWTPFDYWGQGTLVTVSS,DIQMTQSPSTLSAFIGDRVTITCRASQSISTWLAWYQQKPGKAPKLLIFKASTLESGVPSRFSGSGSGTEFTLTINSLQPDDFATYYCQQYNNYWTFGQGTRVEIK,KASGYAFTGYFIH,23-35,WVNPNSGGTD,50-59,AKAGYWTPFDY,97-107,RASQSISTWLA,24-34,FKASTLES,49-56,QQYNNYWT,89-96,KASGYAFTGYFIHWVNPNSGGTDAKAGYWTPFDYRASQSISTWLAFKASTLESQQYNNYWT
Sequence_55,1,QVQLVESGGGVVQPGRSLRLSCEASGFTFSNFGMFWVRQAPGKGLEWVANIWYDGITKHYADSLKGRFTISRDDSKNVLYLQMNSLRAEDTAVYYCARDWHGGLDYWGQGTLVTVSS,DIVMTQSPLSLPVTPGEPASISCRSSHSLLHSNGYNYLDWYLQKPGQSPQLLIYLGSIRASGVPDRFSGSGSGTDFTLKISRVEAEDVGVYYCMQALQTPFTFGPGTKVDIK,EASGFTFSNFGMF,23-35,NIWYDGITKH,50-59,ARDWHGGLDY,97-106,RSSHSLLHSNGYNYLD,24-39,YLGSIRAS,54-61,MQALQTPFT,94-102,EASGFTFSNFGMFNIWYDGITKHARDWHGGLDYRSSHSLLHSNGYNYLDYLGSIRASMQALQTPFT
Sequence_57,1,QVQLVESGGGVVQPGRSLRLSCAASGFSFSSYGMHWVRQAPGQGLEWVALIWYDGSNNYYADSVKGRFTISRDNSKNTLYLQMNSLRAEDTASYYCAAEGVAPDGAFNIWGQGTMVTVSS,DILMTQSPLSLPVTPGEPASISCRSSQSLLHSNGYKYLHWYLQKPGQSPQLLIHLGSNRAYGVPDRFSGSGSGTDFTLKISRVEAEDVGVYYCMQALQTPITFGQGTRLEIK,AASGFSFSSYGMH,23-35,LIWYDGSNNY,50-59,AAEGVAPDGAFNI,97-109,RSSQSLLHSNGYKYLH,24-39,HLGSNRAY,54-61,MQALQTPIT,94-102,AASGFSFSSYGMHLIWYDGSNNYAAEGVAPDGAFNIRSSQSLLHSNGYKYLHHLGSNRAYMQALQTPIT
Sequence_58,1,EVQLVESGGGLVKPGGSLRLSCAASGITFSSHSMNWVRQAPGKGLEWVSSISSSSSYKYYADSLKGRFTISRDNAKNSLYLQMNSLRVEDTAVYYCARDNTVSAWELPGGVDVFDIWGQGTVVTVSS,EIVLTQSPDFQSVTPKEKVTITCRASQSIGSSLHWYQQKPDQSPKLLIKYASQSISGVPSRFSGSGSGTDFTLTINSLEAEDAAAYYCHQTSSLPLTFGQGTRLEIK,AASGITFSSHSMN,23-35,SISSSSSYKY,50-59,ARDNTVSAWEVGGPLDVFDI,97-116,RASQSIGSSLH,24-34,KYASQSIS,49-56,HQTSSLPLT,89-97,AASGITFSSHSMNSISSSSSYKYARDNTVSAWEVGGPLDVFDIRASQSIGSSLHKYASQSISHQTSSLPLT
Sequence_59,1,QVQLVESGGGVVQPGRSLRLSCAASGFTFSSYGMHWVRQAPGKGLEWVAVIYYDEITKYYGDSVKGRFTISRDNSKNTLYLQMSSLRAEDTAVYYCTRTGGEGLTLDYWGQGTLVTVSS,DIVMTQSPLSLPVTPGEPASISCRSSQSLLHSNGYNYLNWYLQKPGQSPQLLIYLGSYRASGVPDRFSGSGSGTDFTLKISRVEAEDVGVYYCMQAQQTPHTFGQGTKLVIK,AASGFTFSSYGMH,23-35,VIYYDEITKY,50-59,TRTGGEGLTLDY,97-108,RSSQSLLHSNGYNYLN,24-39,YLGSYRAS,54-61,MQAQQTPHT,94-102,AASGFTFSSYGMHVIYYDEITKYTRTGGEGLTLDYRSSQSLLHSNGYNYLNYLGSYRASMQAQQTPHT
Sequence_6,1,QVQLVQSGAEVKKPGASVKVSCKASGYAFTGYYMHWVRQAPGQGLEWMGWINPNSGDSRYPQKFQGRVTMTRDTSISTANMELSGLRSDDTAVYYCARAGHWLPFDYWGQGTLVTVSS,EVVMTQSPATLSVSPGERATLSCRASQSVSSNLAWYQQKPGQAPRLLIYGASTRATGIPARFSGSGSGTEFTLTISSLQSEDFAVYYCQQYNNWWTFGQGTRVEIK,KASGYAFTGYYMH,23-35,WINPNSGDSR,50-59,ARAGHWLPFDY,97-107,RASQSVSSNLA,24-34,YGASTRAT,49-56,QQYNNWWT,89-96,KASGYAFTGYYMHWINPNSGDSRARAGHWLPFDYRASQSVSSNLAYGASTRATQQYNNWWT
Sequence_60,1,QVQLVESGGGVVQPGRSLRLSCAASGFTINTFAMHWVRQAPGKGLEWVTLISFDGGNKQYAESVKGRFTISRDNSKNMLYLQMNSLRTEDTAIYYCARDTIADIRYFEWMLPGNYYGMAVWGQGTTVAVSS,GIVLTQSPGTLSLSPGERATLSCRASQSVSSSFLAWYQQKPGQAPRLLIYGTSNRATGIPDRISGSGSGTDFTLTISRLEPEDSAVYYCQQYGGSLLTFGGGTKVEIK,AASGFTINTFAMH,23-35,LISFDGGNKQ,50-59,ARDTIADIRYFEYNGPLMWYGMAV,97-120,RASQSVSSSFLA,24-35,YGTSNRAT,50-57,QQYGGSLLT,90-98,AASGFTINTFAMHLISFDGGNKQARDTIADIRYFEYNGPLMWYGMAVRASQSVSSSFLAYGTSNRATQQYGGSLLT
Sequence_61,1,QVQLVESGGGVVQPGRSLRLSCAASGFTFSAYGMHWVRQAPGKGLEWVAVISHDGGYIDYAESVKGRFTFSRDNSKNTVYLQMSSLRVEDTAVYYCAKDAPYCTTNGCSNWFDPWGQGTLVIVSS,DIQMTQSPSSVSAFVGDRVTITCRASQHISSWLAWYQQKPGKAPKLLISAASRLQTGVPSRFSGSGSGTDFTLTINSLQPEDFATYYCQQANSFPWTFGQGTKVEIK,AASGFTFSAYGMH,23-35,VISHDGGYID,50-59,AKDAPYCTTSCGNNWFDP,97-114,RASQHISSWLA,24-34,SAASRLQT,49-56,QQANSFPWT,89-97,AASGFTFSAYGMHVISHDGGYIDAKDAPYCTTSCGNNWFDPRASQHISSWLASAASRLQTQQANSFPWT
Sequence_62,1,DVQLVESGGDLVQPGGSLRLSCAASGFTFSSHWMHWVRQGPGKGLVWVSRINGDGSKTNYADSVKGRFTVSRDNAKNTLYLQMNSLRADDTAVYFCARLGALRSFDWILPGDPLTADGFDVWGQGTMVSVSS,EIQMTQSPSSLSASVGDRVTITCRASQYISSYLNWYQQKPGKAPKLLIYAASTLQSGVPSRFSGSGSGTDFTLTISSLQPEDFATYYCQQSYRSPPDTFGQGTRLENK,AASGFTFSSHWMH,23-35,RINGDGSKTN,50-59,ARLGALRSFDWILATLPDGPDGFDV,97-121,RASQYISSYLN,24-34,YAASTLQS,49-56,QQSYRSPPDT,89-98,AASGFTFSSHWMHRINGDGSKTNARLGALRSFDWILATLPDGPDGFDVRASQYISSYLNYAASTLQSQQSYRSPPDT
Sequence_63,1,QVQLVESGGGVVQPGRSLRLSCAASGFTFSSYGMHWVRQAPGKGLEWVATIWYDGGNKYYADSVKGRFTISRDNSKNTLYLQMNSLRAEDTAVYYCARRYCSGGSCFSHLDYWGQGTLVTVSS,EVVLTQSPGTLSLSPGERATLSCRASQNIGSSYLAWYQQKPGQAPRLLIYGASSRATGIPDRFSGSGSGTDFTLTISRLEPEDFAVYYCQQYGTSFTFGPGTKVDIK,AASGFTFSSYGMH,23-35,TIWYDGGNKY,50-59,ARRYCSGGFCSSHLDY,97-112,RASQNIGSSYLA,24-35,YGASSRAT,50-57,QQYGTSFT,90-97,AASGFTFSSYGMHTIWYDGGNKYARRYCSGGFCSSHLDYRASQNIGSSYLAYGASSRATQQYGTSFT
Sequence_64,1,QVQLVESGGGVVQPGRSLRLSCAASGFTFSSYGMHWVRQAPGKGLEWVGTIWYDGGSKYYADSVKGRFTISRDNSKNTLYLQMNSLRAEDTAVYYCARRYCSGGSCFSHLDYWGQGTLVTVSS,EVVLTQSPGTLSLSPGERATLSCRVSQNVGSSYLAWYQQKAGQAPRLLIYGASSRATGIPDRFSGSGSGTDFTLTISRLEPEDFAVYYCQQYGTSFTFGPGTKVDIK,AASGFTFSSYGMH,23-35,TIWYDGGSKY,50-59,ARRYCSGGFCSSHLDY,97-112,RVSQNVGSSYLA,24-35,YGASSRAT,50-57,QQYGTSFT,90-97,AASGFTFSSYGMHTIWYDGGSKYARRYCSGGFCSSHLDYRVSQNVGSSYLAYGASSRATQQYGTSFT
Sequence_65,1,QEHLVESGGGVVQPGGSLRLSCAASGFPFRNYGMHWVRQGPGKGLEWVASIWYDGTEIYNANSVKGRFTISRDNAKNTLYLQMNSLRTEDTAVYYCAKDRFCSTTACFPGEWGQGTLLIVSS,EIVLTQSPGTLSLSPGERATLSCRASQSVSSSSLAWYQQKLGQAPRLLIYGASSRATGISDRFSGSGSGTDFTLTINRLEPEDFAVYYCHQSGNSLWTFGQGTKLEIK,AASGFPFRNYGMH,23-35,SIWYDGTEIY,50-59,AKDRFCSTATCFPGE,97-111,RASQSVSSSSLA,24-35,YGASSRAT,50-57,HQSGNSLWT,90-98,AASGFPFRNYGMHSIWYDGTEIYAKDRFCSTATCFPGERASQSVSSSSLAYGASSRATHQSGNSLWT
Sequence_66,1,EVQLVESGGGLVQPGGSLSLSCAVSGFTFETYWMSWVRQAPGKGLEWVANIKHDGSETYYVDSVKGRFTVSRDNSKNSLYLQMNSLRAEDTAIYYCARDQPLRYFDWILELGGAFDIWGQGTMVTVSS,DIVMTQSPLSLPVTPGEPASISCRSSQSLLHDNGYNYLDWYLQKPGQSPQLLIYLGFNRASGVPDRFSGSGSGTDFTLKISRVEAEDVGIYYCMQALQTPPTFGQGTKVEIK,AVSGFTFETYWMS,23-35,NIKHDGSETY,50-59,ARDQPLRYFDWGLELIGAFDI,97-117,RSSQSLLHDNGYNYLD,24-39,YLGFNRAS,54-61,MQALQTPPT,94-102,AVSGFTFETYWMSNIKHDGSETYARDQPLRYFDWGLELIGAFDIRSSQSLLHDNGYNYLDYLGFNRASMQALQTPPT
Sequence_68,1,QVQLVESGGGVVQPGGSLRLSCAASGFSFSNYGMHWVRQAPGKGLEWLAFIRYDGSKKYLADSVKGRFTISRDDSKNTLYLQMNRLRAADTAVYYCANGMAYFDWILPGFYQYGMDIWGQGTTVTVSS,DIVMTQTPLSSPVTLGQPASISCRSSQSLVHSDGNTYLSWLHQRPGQPPRLLIYKISDRFSGVPDRFSGSGAGTDFTLKISRVEAEDVGVYYCMQATQFPHTFGQGTKLEIK,AASGFSFSNYGMH,23-35,FIRYDGSKKY,50-59,ANGMAYFDWILQYFGPYGMDI,97-117,RSSQSLVHSDGNTYLS,24-39,YKISDRFS,54-61,MQATQFPHT,94-102,AASGFSFSNYGMHFIRYDGSKKYANGMAYFDWILQYFGPYGMDIRSSQSLVHSDGNTYLSYKISDRFSMQATQFPHT
Sequence_69,1,EVQLVQSGGGLVKPGGSLRLSCAGSGFTFSNAWMSWVRQAPGKGLEWVGRIKSRGHGGTTDYAPPVKGRFTISRDDSKDTLYLQMNSLQIEDTGVYFCAAGAYFDWLLKPPEYFGMDVWGRGTTVAVSS,EIVLTQSPGTLSLSPGERATLSCRASQSVSSSYLAWYQQKPGQAPRLLIDGASSRATGVPDRFSGSGSGTDFTLTISRLEPEDFAVYYCQQYGSSPLTFGGGTKVEIK,AGSGFTFSNAWMS,23-35,RIKSRGHGGTTD,50-61,AAGAYFDWLLYEPPKFGMDV,99-118,RASQSVSSSYLA,24-35,DGASSRAT,50-57,QQYGSSPLT,90-98,AGSGFTFSNAWMSRIKSRGHGGTTDAAGAYFDWLLYEPPKFGMDVRASQSVSSSYLADGASSRATQQYGSSPLT
Sequence_7,1,EVRLVESGGGLVKPGGSLRLSCAASGFTFQNAWMTWVRQAPGQGLEWVGRIKSKIDGGTTDYVAPVKGRFTISRDDSKDTLYLQMNSLKTEDTAVYYCTTEINWNFFDDWGQGTLVTVSS,DIQMTQSPSSLSASVGDRVTITCRASQSISTYLNWYQQKPGKAPKVLIYAASSLRSGVPSRFSGRGSGSDFTLTISGLQPEDFATYYCQQTYNIPRTFGQGTRLEIN,AASGFTFQNAWMT,23-35,RIKSKIDGGTTD,50-61,TTEINWNFFDD,99-109,RASQSISTYLN,24-34,YAASSLRS,49-56,QQTYNIPRT,89-97,AASGFTFQNAWMTRIKSKIDGGTTDTTEINWNFFDDRASQSISTYLNYAASSLRSQQTYNIPRT
Sequence_70,1,QVQLVQSGAEVKKPGASVKISCKASGNSFSGYFTHWMRQAPGQGLEWMGWINPNSGGTDFAQKFQGRVTMTRDTSISTAYMELSGLRFDDTAVYFCARAGFWTPFDQWGQGTLVTVST,DIQMTQSPSTLSASAGDRVTITCRASQSISSWLAWYQQKPGKAPKLLIYKASTLESGVPSRFSGSGSGTEFTLTISSLQPDDFATYYCQQYNSHWTFGQGTKVEIK,KASGNSFSGYFTH,23-35,WINPNSGGTD,50-59,ARAGFWTPFDQ,97-107,RASQSISSWLA,24-34,YKASTLES,49-56,QQYNSHWT,89-96,KASGNSFSGYFTHWINPNSGGTDARAGFWTPFDQRASQSISSWLAYKASTLESQQYNSHWT
Sequence_71,1,QVQLVESGGGVVQPGRSLRLSCAASGFTFSSRGMHWVRQAPGKGLEWLAVIWYDGSNKYYIDSVKGRFTISRDNSKNTLYLQMNSLRAEDTAVYYCATESTTSGSLGHWGQGTPVTVSS,DIVMTQSPLSLPVTPKEPASISCRSSQSLLHSNGHHYLDWYLQKPGQSPQLLIYMASYRASGVPDRFSGSASGTDFTLKISRVEAEDVGVYYCMQGLQTPITFGQGTRLEIA,AASGFTFSSRGMH,23-35,VIWYDGSNKY,50-59,ATESTTSGSLGH,97-108,RSSQSLLHSNGHHYLD,24-39,YMASYRAS,54-61,MQGLQTPIT,94-102,AASGFTFSSRGMHVIWYDGSNKYATESTTSGSLGHRSSQSLLHSNGHHYLDYMASYRASMQGLQTPIT
Sequence_73,1,QVQLVESGGGVVQPGRSLRLSCAASGFTFSSYGMHWVRQAPGKGLEWVALISYDGSDKWFADSVKGRFTISRDNSKNTLYLQMNRLRAEDTAVYYCAKDRPYCSSTSCSNWFDPWGQGTLVTVSS,DIQMTQSPSSVSASVGDRVTITCRASQGISSWLAWYQQKPGKAPKLLIYAASSLQSGVPSRFSGSGSGTDFTLTISSLQPEDFATYYCQQANSSPLTFGGGTKVEMK,AASGFTFSSYGMH,23-35,LISYDGSDKW,50-59,AKDRPYCSSSCSTNWFDP,97-114,RASQGISSWLA,24-34,YAASSLQS,49-56,QQANSSPLT,89-97,AASGFTFSSYGMHLISYDGSDKWAKDRPYCSSSCSTNWFDPRASQGISSWLAYAASSLQSQQANSSPLT
Sequence_74,1,EARLVESGGGLMKPGGSLRLSCSASGFTFRNAWMNWVRQAPGKGLEWVGRIKSRSQGGTTEYAAPVKGRFSMSRDDSKDTVYLQMNSLKTEDTGVYYCSSDRRHFDWLLPNDHHDALDFWGQGTMVTVSS,EIVMTQSPATLSVSPGERATLSCRASQSVSSDLAWYQHKLGQAPRLLIYGASTRATGIPARFSGSGSGTDFTLTISSLQSEDFAVYYCLHYNNWPPYTFGQGTKLEIK,SASGFTFRNAWMN,23-35,RIKSRSQGGTTE,50-61,SSDRRHFDWLLHHDNPDALDF,99-119,RASQSVSSDLA,24-34,YGASTRAT,49-56,LHYNNWPPYT,89-98,SASGFTFRNAWMNRIKSRSQGGTTESSDRRHFDWLLHHDNPDALDFRASQSVSSDLAYGASTRATLHYNNWPPYT
Sequence_76,1,QEQLVESGGGVVQPGRSLRLSCAASGITFSSYGMHWVRQAPGKGLEWVSVIWYDGSQKYYADSVKGRFTISRDNSKNTLYLQMNSLRAEDTAVYYCARVGISTLAGDAFDMWGQGTMVTVSS,DIQMTQSPSSLSASVGDRVTITCRASQSVSNYLNWYQHQPGKAPKLLIYAASSLHSPVPSRFSGSGSGTDFTLTITSLQPEDFATYYCQQSYSNPLTFGPGTKVDLK,AASGITFSSYGMH,23-35,VIWYDGSQKY,50-59,ARVGISTLGADAFDM,97-111,RASQSVSNYLN,24-34,YAASSLHS,49-56,QQSYSNPLT,89-97,AASGITFSSYGMHVIWYDGSQKYARVGISTLGADAFDMRASQSVSNYLNYAASSLHSQQSYSNPLT
Sequence_77,1,QVELVESGGGVVQPGKSLRLSCAASGFTFSSYGMHWVRQVPGKGLEWVALISYHGSDKWFADSVKGRFTISRDNSQNTVYLQMDRLTTEDTGVYYCAKDRPYCATTSCSNWLDPWGHGTLVTVSS,DIQMTQSPSSVSASVGDRVTITCRASQDISSWLAWYQQKPGKAPKLLIFAASSLQSGVPSRFSGSGSGTDFTLTISSLQPEDFATYYCQQSNSSPLTFGGGTKVEMK,AASGFTFSSYGMH,23-35,LISYHGSDKW,50-59,AKDRPYCATSCSTNWLDP,97-114,RASQDISSWLA,24-34,FAASSLQS,49-56,QQSNSSPLT,89-97,AASGFTFSSYGMHLISYHGSDKWAKDRPYCATSCSTNWLDPRASQDISSWLAFAASSLQSQQSNSSPLT
Sequence_78,1,EEQLLESGGGLVQPGGSLRLSCAASGFSMSSYAMTWVRQAPGKGLEWVSGISNSGDKTYYADSVKGRFTVSRDNSKNMVFLQVSSLRPEDTAVYYCAKDPDGLRYFAWLLPDAFNIWGQGTLVTVSS,EIVLTQSPGTLSLSPGERATLSCRTSQSVSSNYLAWYQQRPGQAPRLLIYATSSRATGIPDRFSGSGSGTVFTLTISRLEPEDFAMYYCQQYGSSPLFTFGPGTKVDIK,AASGFSMSSYAMT,23-35,GISNSGDKTY,50-59,AKDPDGLRYFPLLWADAFNI,97-116,RTSQSVSSNYLA,24-35,YATSSRAT,50-57,QQYGSSPLFT,90-99,AASGFSMSSYAMTGISNSGDKTYAKDPDGLRYFPLLWADAFNIRTSQSVSSNYLAYATSSRATQQYGSSPLFT
Sequence_79,1,EVQLVESGGVVVQPGDSLRLSCAASGFTFDDYAMHWVRQAPGKGLEWVSLITWDGSRTFYADSVKGRFTISRDNSKNSLYLQMNSLRSEDTALYYCAKEGRVLRYFAWLLPDAYYYYMDVWGKGTTVTVSS,EIVMTQSPATLSVSPGERATLSCRASQSVSNNLAWYQQKPGQAPRLLFYGASTRATGVPARFSGSGSGTEFTLTISSMQSEDFAVYYCQQYNNWRTFGQGTKVEIK,AASGFTFDDYAMH,23-35,LITWDGSRTF,50-59,AKEGRVLRYFAWYYADPLLYYMDV,97-120,RASQSVSNNLA,24-34,YGASTRAT,49-56,QQYNNWRT,89-96,AASGFTFDDYAMHLITWDGSRTFAKEGRVLRYFAWYYADPLLYYMDVRASQSVSNNLAYGASTRATQQYNNWRT
Sequence_8,1,QVQLVQSGGGVVQPGRSLKLSCAASGFSFSYYGMHWVRQAPGKGLEWVALISYDGSNKYYADSVKGRFTISRDNSKNTLHLEMNRLRAEDTAVYYCAKDRPYGSGSGFDPWGQGTLVTVSS,DIVMTQSPLSLPVTPGEPASISCRSSQSLLHSNGYIHLDWYLQKPGQSPQLLIFLGSNRAPGVPDRFSGGGSGTDFTLKISRVEAEDVGIYYCMQALRGPPWTFGQGTKVEIK,AASGFSFSYYGMH,23-35,LISYDGSNKY,50-59,AKDRPYGGSSGFDP,97-110,RSSQSLLHSNGYIHLD,24-39,FLGSNRAP,54-61,MQALRGPPWT,94-103,AASGFSFSYYGMHLISYDGSNKYAKDRPYGGSSGFDPRSSQSLLHSNGYIHLDFLGSNRAPMQALRGPPWT
Sequence_81,1,QVQLVQSGAEVKKPGASVKVSCKASGNDFTGYFTHWVRQAPGQGLQWMGWINPNNGDTDFAQNFKGRVIMTRDTSISTAYMELSGLTSDDTAVYYCTRAGYWTAFDIWGHGTMVTVSS,DIQMTQSPSTLSASVGDRVTITCRASQSISTWLAWYQQKPGKAPKLLISKASSLQGGVPSRFSGSGSGTEFTLTISSLQPDDFATYYCQQYNSYWTFGQGTKVDMK,KASGNDFTGYFTH,23-35,WINPNNGDTD,50-59,TRAGYWTAFDI,97-107,RASQSISTWLA,24-34,SKASSLQG,49-56,QQYNSYWT,89-96,KASGNDFTGYFTHWINPNNGDTDTRAGYWTAFDIRASQSISTWLASKASSLQGQQYNSYWT
Sequence_82,1,QLQLQESGPGLVKPSETVSLTCTVSRGSFSRTGYYWGWIRQSPGKGLEWIATMYNSGSTYHNPSLKSRITISVDTSGNQCTLNLNSVTAADTAVYYCASSKLRHFDWLLTEDLGKDAFDIWGQGTMVTVSS,DIRMTQSPSTLSAFVGDRVTITCRASQSISTNLAWYQQKPGKPPKLLIYRASSLEGGVPSRFSGSGSGAEFTLTISSLQPDDFATYYCQQFHTDLTFGGGTKVEMK,TVSRGSFSRTGYYWG,23-37,TMYNSGSTY,52-60,ASSKLRHFDWLLKGLDETDAFDI,98-120,RASQSISTNLA,24-34,YRASSLEG,49-56,QQFHTDLT,89-96,TVSRGSFSRTGYYWGTMYNSGSTYASSKLRHFDWLLKGLDETDAFDIRASQSISTNLAYRASSLEGQQFHTDLT
Sequence_83,1,EVQLVESGGGLVQPGGSLRLSCAASGFTFTTYLMSWVRQAPGKGLEWVATIKQGGSEKYYVDSVKGRFTISRDNAKNSLYLQMNSLRAEDTAVYYCAREQEQYFDWLLDPPYYYSYMDVWGKGTTVSVSL,EIVMTQSPATLSVSPGERATLSCRASQSVGSNLAWYQQKPGQAPRLLIYGASTRATDIPARFSGSGSGTEFTLTISSMQSEDFAVYYCQQYNTWRTFGQGTKVEIK,AASGFTFTTYLMS,23-35,TIKQGGSEKY,50-59,AREQEQYFDWLLYYYPPDSYMDV,97-119,RASQSVGSNLA,24-34,YGASTRAT,49-56,QQYNTWRT,89-96,AASGFTFTTYLMSTIKQGGSEKYAREQEQYFDWLLYYYPPDSYMDVRASQSVGSNLAYGASTRATQQYNTWRT
Sequence_84,1,EVQLVESGGGLVKPGGSLRLSCAASGFIFNNAWMSWVRQAPGKGLEWVGRIKSKIDGETTDYTAAVKGRFSISRDDSKDTVYLQMNRLKTDDTAVYYCNIEAVLGDFDLWGRGTLVTVSS,EIVLTQSPDFQSVTPKEKVTITCRASQSIDNYLHWYQQKPGQSPKLLIKYASQSFSGVPSRFSGSGSGTDFTLTISSLEVEDAATYYCHQSSSLPRTFGRGTKVEIK,AASGFIFNNAWMS,23-35,RIKSKIDGETTD,50-61,NIEAVLGDFDL,99-109,RASQSIDNYLH,24-34,KYASQSFS,49-56,HQSSSLPRT,89-97,AASGFIFNNAWMSRIKSKIDGETTDNIEAVLGDFDLRASQSIDNYLHKYASQSFSHQSSSLPRT
Sequence_85,1,EVQLVESGGGVVQPGRSLRLSCEASGFTFSNFGMYWVRQAPGKGLEWVAVIWYDGSNKYYADSVEGRFSITRDNSKNTLYLQMSNLRAEDTAVYYCATCTTTFYAFNFWGQGTMVTVSS,AIQLTQSPSSLSASVGGRVTIACRASQGISSALAWYQQKPGKAPKLLIYDASRLESGVPSRFSGSGSGTDFTLTISSLQPEDFATYYCQHFNSYPYSFGQGTKLEIK,EASGFTFSNFGMY,23-35,VIWYDGSNKY,50-59,ATCTTTFYAFNF,97-108,RASQGISSALA,24-34,YDASRLES,49-56,QHFNSYPYS,89-97,EASGFTFSNFGMYVIWYDGSNKYATCTTTFYAFNFRASQGISSALAYDASRLESQHFNSYPYS
Sequence_86,1,QVQLVESGGGVVQPGRSLRLSCATSGFTFSTYGIHWVRQAPGKGLEWVAFISYDGSDKQYADSVKGRFTISRDNSRDTLYLQMHSLRAEDTAVYYCANSIYDWLIDFFFDNWGQGTLVTVSS,EIVLTQSPDFQSVTPKEKVTLTCRASQSIGSSLHWYQQKPGQSPKLLIKYASQSISGVPSRFRGSGSGTDFTLTINSLEAEDAATYYCHQSSSLPLTFGGGTKVEIK,ATSGFTFSTYGIH,23-35,FISYDGSDKQ,50-59,ANSIYDWLDIFFFDN,97-111,RASQSIGSSLH,24-34,KYASQSIS,49-56,HQSSSLPLT,89-97,ATSGFTFSTYGIHFISYDGSDKQANSIYDWLDIFFFDNRASQSIGSSLHKYASQSISHQSSSLPLT
Sequence_87,1,QVQLQESGPGLVKPSETLSLTCTVSGGSIINYYWTWIRQPPGKGLEWIGNIFYSGYTNYNPSLQSRVTMSVVTSTNQFSLKLSSVTAADTAVYYCATHRFFDWLISDETPFDIWGQGTVVTVSA,EIVLTQSPGTLSLSPGERATLSCRASQSVSSNYLAWYQQKPGQAPRLLIYGASSRATGIPDRFSGSGSGTDFTLAISRLEPEDFAVYFCQQYGSSPRTFGQGTKVEIK,TVSGGSIINYYWT,23-35,NIFYSGYTN,50-58,ATHRFFDWLEDSITPFDI,96-113,RASQSVSSNYLA,24-35,YGASSRAT,50-57,QQYGSSPRT,90-98,TVSGGSIINYYWTNIFYSGYTNATHRFFDWLEDSITPFDIRASQSVSSNYLAYGASSRATQQYGSSPRT
Sequence_88,1,EVQLVESGGGLVKPGGSLRLSCATSGFTFNNAWMTWVRQAPGKGLEWIGRIKSEIDGGTVDYGAPVKGRFTISRDDSKNTLFLQMNSLKSEDTAVYYCAIEGNWNFFEYWGQGALVTVSS,DIQMTQSPSSLSASVGDRVTITCRASQSVNSYLNWYQQKPGKAPKLLIYVASNLLSGVPSRFSGSGSGTDFTLTISSLQPEDFATYFCQQSYSLPRTFGQGTKLEIK,ATSGFTFNNAWMT,23-35,RIKSEIDGGTVD,50-61,AIEGNWNFFEY,99-109,RASQSVNSYLN,24-34,YVASNLLS,49-56,QQSYSLPRT,89-97,ATSGFTFNNAWMTRIKSEIDGGTVDAIEGNWNFFEYRASQSVNSYLNYVASNLLSQQSYSLPRT
Sequence_9,1,QVQLVESGGGLVKPGGSLRLSCAASGFTFSDYDMSWIRQAPGKGLEWVSYIRSSGTIIYYAESVKGRFTISRDNAKNSLYLQMNSLRAEDTAVYYCARERYFDWLLYPAATPVDYWGQGTLVTVSS,DIQMTQSPSSLSASVGDRVTITCRASQGISNSLAWYQQKPGKAPKLLLYAASTLESGVPSRFSGSGSGTASTLTISSLQPEDFATYYCQQYYSIPRTFGQGTKVEIK,AASGFTFSDYDMS,23-35,YIRSSGTIIY,50-59,ARERYFDWLLAAPYTPVDY,97-115,RASQGISNSLA,24-34,YAASTLES,49-56,QQYYSIPRT,89-97,AASGFTFSDYDMSYIRSSGTIIYARERYFDWLLAAPYTPVDYRASQGISNSLAYAASTLESQQYYSIPRT
Sequence_90,1,QVQLVESGGGVVQPGRSLRLSCAASGFTFSSRGMHWVRQAPGKGLEWLAVIWYDGSNKYYIDPVKGRFTISRDNSKNTLYLQMNSLRAEDTGVYFCATESTTSGSLGHWGQGTPVTVSP,DIVMTQSPLSLPVTPKEPASISCRSSQSLLHSNGRHYLDWYLQKPGQSPQLLIYMASYRASGVPDRFSGSASGTDFTLKISRVEAEDVGVYYCMQGLQTPITFGQGTRLEIA,AASGFTFSSRGMH,23-35,VIWYDGSNKY,50-59,ATESTTSGSLGH,97-108,RSSQSLLHSNGRHYLD,24-39,YMASYRAS,54-61,MQGLQTPIT,94-102,AASGFTFSSRGMHVIWYDGSNKYATESTTSGSLGHRSSQSLLHSNGRHYLDYMASYRASMQGLQTPIT
Sequence_92,1,QVQLVESGGGVVQPGRSLRLSCAASGFTFSSYGIHWVRQAPGKGLEWVALISYHGSDTWFADSVMGRFTISRDNSKNTVYLQMNRVRPEDTAVYYCAKDRPYCTSSRCSNWLDPWGQGTLVTVSS,DIQMTQSPSSVSASVGDRVTITCRASQDISSWLAWYQQKPGQGPKLLIYAATSLQSGVPSRFSGSGSGTDFTLTISSLQPEDFATYYCQQTDSSPLTFGGGTKVEMK,AASGFTFSSYGIH,23-35,LISYHGSDTW,50-59,AKDRPYCTSSCRSNWLDP,97-114,RASQDISSWLA,24-34,YAATSLQS,49-56,QQTDSSPLT,89-97,AASGFTFSSYGIHLISYHGSDTWAKDRPYCTSSCRSNWLDPRASQDISSWLAYAATSLQSQQTDSSPLT
Sequence_93,1,QMQLVESGGGVVHPGRSLRLSCAASGFTFSNYGMHWVRQAPGKGLEWVAVIWYDGSNKYYADSVKGRFTISRDNSKDTLYLEMNSLRAEDTALYYCAGVGISTLAGDALSFWGQGTLVTVSS,DIQMTQSPSSLSASVGDRVTITCRASHSITNYLNWYQQKPGKAPNLLIYAASSLQSGVPSRFSGSGSGTDFTLTISSLQPEDFATYYCQQSYYNPLTFGPGTKVDIK,AASGFTFSNYGMH,23-35,VIWYDGSNKY,50-59,AGVGISTLGADALSF,97-111,RASHSITNYLN,24-34,YAASSLQS,49-56,QQSYYNPLT,89-97,AASGFTFSNYGMHVIWYDGSNKYAGVGISTLGADALSFRASHSITNYLNYAASSLQSQQSYYNPLT
Sequence_95,1,QVQLVESGGGVVQPGKSLRLSCAASGFSFSSRGMHWVRQAPGKGLEWVAVIWYDGSNKYYGDSVKGRFTISRDNSKNTVYLQMNSLRAEDTAVYYCATESTTSGSYGHWGQGTLVTVSS,EIVMTQSPVSLPVTPGEPASISCRSSQSLLHSTGNNYLDWYLQKPGQSPQLLIYMASYRASGVPDRFSGSASGTHFTLKISRVEAEDVGVYYCMQGLQTPITFGQGTRLEIK,AASGFSFSSRGMH,23-35,VIWYDGSNKY,50-59,ATESTTSGSYGH,97-108,RSSQSLLHSTGNNYLD,24-39,YMASYRAS,54-61,MQGLQTPIT,94-102,AASGFSFSSRGMHVIWYDGSNKYATESTTSGSYGHRSSQSLLHSTGNNYLDYMASYRASMQGLQTPIT
Sequence_96,1,QVQLVQSGAEVKKPGASVKVSCKASGYTLISYYIHWVRQAPGQGLEWMGIINPGGGYTIYSQKFQGRVAMTSDTSTSTVYMELSSLRSEDTAIYYCARDGRFFDWLLPQIYNSFYMDVWGKGTTVTVSS,EIVLTQSPGILSLSPGERATLSCRASQSVSSNYLAWYQQIPGRAPRLLIYDASSRATGIPDRFSGSGSGTDFTLTISRLEPEDFAVYYCQHYGSSLNFGGGTKVEIK,KASGYTLISYYIH,23-35,IINPGGGYTI,50-59,ARDGRFFDWLLSNYIQPFYMDV,97-118,RASQSVSSNYLA,24-35,YDASSRAT,50-57,QHYGSSLN,90-97,KASGYTLISYYIHIINPGGGYTIARDGRFFDWLLSNYIQPFYMDVRASQSVSSNYLAYDASSRATQHYGSSLN
Sequence_97,1,EARLVESGGGLMKPGGSLRLSCSASGFTFRNAWMNWVRQAPGKGLEWVGRIKSRSQGGTTEYAAPVKGRFSMSRDDSKDTVYLQMNSLKTEDTGVYYCSSDRRHFDWLLPNDHHDALDFWGQGTMVTVSS,EIVMTQSPATLSVSPGERATLSCRASQSVSSDLAWYQHKLGQAPRLLIYGASTRATGIPARFSGSGSGTDFTLTISSLQSEDFAVYYCLHYNNWPPYTFGQGTKLEIK,SASGFTFRNAWMN,23-35,RIKSRSQGGTTE,50-61,SSDRRHFDWLLHHDNPDALDF,99-119,RASQSVSSDLA,24-34,YGASTRAT,49-56,LHYNNWPPYT,89-98,SASGFTFRNAWMNRIKSRSQGGTTESSDRRHFDWLLHHDNPDALDFRASQSVSSDLAYGASTRATLHYNNWPPYT
Sequence_98,1,QVQLVESGGGVVQPGRSLRLSCAASGFTFSSRGMHWVRQAPGKGLEWLAVIWYDGSNKYYIDSVKGRFTISRDNSKNTLYLQMNSLRAEDTAVYYCATESTTSGSLGHWGQGTPVTVSS,DIVMTQSPLSLPVTPKEPASISCRSSQSLLHSNGHHYLDWYLQKPGQSPQLLIYMASYRASGVPDRFSGSASGTDFTLKISRVEAEDVGVYYCMQGLQTPITFGQGTRLEIA,AASGFTFSSRGMH,23-35,VIWYDGSNKY,50-59,ATESTTSGSLGH,97-108,RSSQSLLHSNGHHYLD,24-39,YMASYRAS,54-61,MQGLQTPIT,94-102,AASGFTFSSRGMHVIWYDGSNKYATESTTSGSLGHRSSQSLLHSNGHHYLDYMASYRASMQGLQTPIT
Sequence_99,1,QVQLVESGGGVVQPGRSLRLSCTASGFTFSSYGMHWVRQAPGKGLEWLAVVYYDGNNKYYADSVKGRFTISRDNSKNTLYLQMNSLRAEDTALYYCARDVYLGSVTYYDFEDWGQGTLVTVSS,EIVLTQSPATLSLSPGERATLSCRASQSVNNYLAWYQQKPGQAPRLLIYDASIRATGIPARFSGSGSGTDFTLTISSLEPEDFAFYYCQQRSNWPPIYTFGQGTKLEIR,TASGFTFSSYGMH,23-35,VVYYDGNNKY,50-59,ARDVYLGSYTVYDFED,97-112,RASQSVNNYLA,24-34,YDASIRAT,49-56,QQRSNWPPIYT,89-99,TASGFTFSSYGMHVVYYDGNNKYARDVYLGSYTVYDFEDRASQSVNNYLAYDASIRATQQRSNWPPIYT
Sequence_101,2,QVQLVQSGAEVKKPGSSVKVSCKASGGTFSTYGISWVRQAPGQGLEWMGGIIPVFDTPNYAQKFQGRVTITADKSTSTAYMEMSSLRSEDTAVYYCVRQSDLRQIDWVLPNYYGLDVWGPGTTVTVSS,QAVVTQEPSLTVSPGGTVTLTCGSSNGAVTSGHSPYWFQQRPGQAPTTLIYDTSNKHSWTPARFSGSVLGGKAALTLSGAQPEDEAEYYCLLSYNGVSVFGTGTIVTVL,KASGGTFSTYGIS,23-35,GIIPVFDTPN,50-59,VRQSDLRQIDWYNPLVYGLDV,97-117,GSSNGAVTSGHSPY,23-36,YDTSNKHS,51-58,LLSYNGVSV,91-99,KASGGTFSTYGISGIIPVFDTPNVRQSDLRQIDWYNPLVYGLDVGSSNGAVTSGHSPYYDTSNKHSLLSYNGVSV
Sequence_102,2,QVQVVQSGAEVKKPGSSVKVSCKASGGTFSSYAINWVRQAPGQGLEWMGGIIPIFTTPNYAQKFQGRVTITADESTSTAYMELSSLRSEDTAVYYCAVIARYFDWIISPTHYYYYGMDVWGQGTTVTVSS,QSALTQPPSASGSPGQSVTISCTGTSSDVGGYNYVSWYQQHPGKAPKLMIYEVSKRPSGVPDRFSGSKSGNTASLTVSGLQAEDEADYYCSSYAGSTPCIFGTGTKVTVL,KASGGTFSSYAIN,23-35,GIIPIFTTPN,50-59,AVIARYFDWIISYYYHTPYGMDV,97-119,TGTSSDVGGYNYVS,23-36,YEVSKRPS,51-58,SSYAGSTPCI,91-100,KASGGTFSSYAINGIIPIFTTPNAVIARYFDWIISYYYHTPYGMDVTGTSSDVGGYNYVSYEVSKRPSSSYAGSTPCI
Sequence_17,2,EVQLVESGGGSVKPGGSLRLSCAASGFTFRNAWMTWVRQAPGKGLEWVGRIKSKTDGGTADYAAPVKGRFTISRDDSKDTVYLQMKSLKTEDTAVYYCTTEGGRYFDWVIYTYYGMDVWGQGTTVTVSS,QSALTQPASVSGSPGQSITISCTGTSSDVGGSNSVSWYQQYPGKAPKLMIFDVNNRPSGVSYRFSGSKSGNTASLTISGLQAEDEADYYCSSYTSSSTSYVFGTGTKVSVL,AASGFTFRNAWMT,23-35,RIKSKTDGGTAD,50-61,TTEGGRYFDWYTYIVYGMDV,99-118,TGTSSDVGGSNSVS,23-36,FDVNNRPS,51-58,SSYTSSSTSYV,91-101,AASGFTFRNAWMTRIKSKTDGGTADTTEGGRYFDWYTYIVYGMDVTGTSSDVGGSNSVSFDVNNRPSSSYTSSSTSYV
Sequence_22,2,EVQLLESGGGLVPPGGSLRLSCAASGFPFISYAMNWVRQAPGKGLEWVSGISGSGGSTYYADFVKGRFTISRDNSKNTLYLQMNSLRAEDTAVYYCAKDPLVLRSFAWLLDDAFDIWGQGTMVTVSS,QSVLTQPPSVSGAPGQRVTISCTGSSSNIGADYDVHWYQQLPGTAPKLLIYDNNHRPSGVPDRFSGSKSGTSASLAITGLQAEDEADYYCQSYDSSLSGSWVFGGGTKVTVL,AASGFPFISYAMN,23-35,GISGSGGSTY,50-59,AKDPLVLRSFDLLWADAFDI,97-116,TGSSSNIGADYDVH,23-36,YDNNHRPS,51-58,QSYDSSLSGSWV,91-102,AASGFPFISYAMNGISGSGGSTYAKDPLVLRSFDLLWADAFDITGSSSNIGADYDVHYDNNHRPSQSYDSSLSGSWV
Sequence_23,2,QVQLVESGGGVVQPGGSLRLSCAASGFPFNRYGMHWVRQAPGKGLEWVSFIRYDGSDKYYADSVKGRFTISRDNSKNTVFLQMNSLSAEDTAVYYCAKDHAGYFDWLLPNFYYFYYMDVWGKGTTVTVSS,QSALTQPASVSGSPGQSITISCTGTSSDIGAYNYVSWYQQHPGKAPKLMIYDVSERPSGVSNRFSGSKSGNTASLTISGLQAEDEAEYYCSSYTTTSSVVFGGGTKLTVL,AASGFPFNRYGMH,23-35,FIRYDGSDKY,50-59,AKDHAGYFDWLLFYYFNPYYMDV,97-119,TGTSSDIGAYNYVS,23-36,YDVSERPS,51-58,SSYTTTSSVV,91-100,AASGFPFNRYGMHFIRYDGSDKYAKDHAGYFDWLLFYYFNPYYMDVTGTSSDIGAYNYVSYDVSERPSSSYTTTSSVV
Sequence_24,2,QVQLVESGGGVVQPGRSLRLSCAASGLTFSTYDMHWVRQAPGKGLEWVAVISDDGSNIYYADSVKGRFTISRDNPKKTLYLQMNSLRAEDTALYYCARHLKRYFEWLLPGDHYGMDVWGQGTTVTVSS,QAVVTQEPSLTVSPGGTVTLTCGSSTGAVTSGHSPYWFQQKPGQAPRTVIYDTSNKHSWTPARFSGSLLGGKAALTLSGAQPEDEAEYYCLLSYSGPYVFGSGTKVTVL,AASGLTFSTYDMH,23-35,VISDDGSNIY,50-59,ARHLKRYFEWLHDGPLYGMDV,97-117,GSSTGAVTSGHSPY,23-36,YDTSNKHS,51-58,LLSYSGPYV,91-99,AASGLTFSTYDMHVISDDGSNIYARHLKRYFEWLHDGPLYGMDVGSSTGAVTSGHSPYYDTSNKHSLLSYSGPYV
Sequence_30,2,EVQLLESGGGLVRPGGSLRLSCAASGFPFSTYAMTWVRQAPGKGLEWVSGISGSGDNTDYADSVKGRFIISRDNSKNTLYLQMNSLRAADTAFYYCAKDPLTLRSFAWLLPDAFDTWGQGTLVTVSS,QSVLTQPPSVSGAPGQRVTISCTGSSSNIGAGYDVHWYQQLPGSAPKLLIYDNRNRPSGVPDRFSGSKSGTSASLAITGLQAEDEADYYCQSYDSSLSGRWLFGGGTKLTVL,AASGFPFSTYAMT,23-35,GISGSGDNTD,50-59,AKDPLTLRSFPLLWADAFDT,97-116,TGSSSNIGAGYDVH,23-36,YDNRNRPS,51-58,QSYDSSLSGRWL,91-102,AASGFPFSTYAMTGISGSGDNTDAKDPLTLRSFPLLWADAFDTTGSSSNIGAGYDVHYDNRNRPSQSYDSSLSGRWL
Sequence_33,2,QVQLVESGGGVVQPGRSLRLSCAASGLTFSTYDMHWVRQAPGKGLEWVAVISDDGSNKYYADSVKGRFTISRDNPKKTLYLQMNSLRAEDTAVYYCARHLKRYFEWLLPGDYYGMDVWGQGTTVTVSS,QAVVTQEPSLTVSPGGTVTLTCGSSTGAVTSGHSPYWFQQKPGQAPRTLIYDTSNKHSWTPARFSGSLLGGKAALTLSGAQPEDEAEYYCLLSYSGPYVFGSGTKVTVL,AASGLTFSTYDMH,23-35,VISDDGSNKY,50-59,ARHLKRYFEWLYDGPLYGMDV,97-117,GSSTGAVTSGHSPY,23-36,YDTSNKHS,51-58,LLSYSGPYV,91-99,AASGLTFSTYDMHVISDDGSNKYARHLKRYFEWLYDGPLYGMDVGSSTGAVTSGHSPYYDTSNKHSLLSYSGPYV
Sequence_34,2,QVQLVESGGGVVQPGRSLRLSCAASGLTFSTYDMHWVRQAPGKGLEWVAVISDDGSNIYYADSVKGRFTISRDNPKKTLYLQMNSLRAEDTALYYCARHLKRYFEWLLPGDHYGMDVWGQGTTVTVSS,QAVVTQEPSLTVSPGGTVTLTCGSSTGAVTSGHSPYWFQQKPGQAPRTVIYDTSNKHSWTPARFSGSLLGGKAALTLSGAQPEDEAEYYCLLSYSGPYVFGSGTKVTVL,AASGLTFSTYDMH,23-35,VISDDGSNIY,50-59,ARHLKRYFEWLHDGPLYGMDV,97-117,GSSTGAVTSGHSPY,23-36,YDTSNKHS,51-58,LLSYSGPYV,91-99,AASGLTFSTYDMHVISDDGSNIYARHLKRYFEWLHDGPLYGMDVGSSTGAVTSGHSPYYDTSNKHSLLSYSGPYV
Sequence_36,2,QVQLVESGGGLVKPGGSLRLSCAASGFTFGDYYMTWIRQAPGKGLEWVSYISGSSSYTNYADSVKGRFTISRDNAKSSLYLQMNSLRADDTAVYYCARDQHTVQWELPVYNYFYGMDVWGQGTTVTVSS,QSVLTQPPSVSAAPGQKVTISCSGSSSNIGNNYVSWYQHLPGTAPKLLIYDNDKRPSGIPDRFSGSKSGTSATLGITGLQTGDEADYYCGAWDSRLSGGFYVFGTGTKVTVL,AASGFTFGDYYMT,23-35,YISGSSSYTN,50-59,ARDQHTVQWELFYNYVPYGMDV,97-118,SGSSSNIGNNYVS,23-35,YDNDKRPS,50-57,GAWDSRLSGGFYV,90-102,AASGFTFGDYYMTYISGSSSYTNARDQHTVQWELFYNYVPYGMDVSGSSSNIGNNYVSYDNDKRPSGAWDSRLSGGFYV
Sequence_37,2,QVQLVQSGAEVKKPGSSVKVSCTASGGTIRSYGLSWVRQAPGQGLEWLGGIVPVFGTPNYAQNFQGRLTIIADDSTSTTFMELSSLTSEDTAIYFCATAVRYFDWLVAATDLYLYGMDVWGQGTTVIVSP,QSVLTQPPSVSAAPGQKVTISCSGSSSNIANNFVSWYQQLPGTAPKLLIYDNDKRPSGIPDRFSGSKSGTSATLGITGLQTGDEADYYCGTWDTSLSAVVFGGGTKLTVL,TASGGTIRSYGLS,23-35,GIVPVFGTPN,50-59,ATAVRYFDWLVALYLDTAYGMDV,97-119,SGSSSNIANNFVS,23-35,YDNDKRPS,50-57,GTWDTSLSAVV,90-100,TASGGTIRSYGLSGIVPVFGTPNATAVRYFDWLVALYLDTAYGMDVSGSSSNIANNFVSYDNDKRPSGTWDTSLSAVV
Sequence_39,2,QVHLVESGGGVVQPGRSLRLSCTASGFIFSRYGMHWVRQAPGKGLEWVGVIWSDATNQYYADSVKGRFTISRDNSKDTLYLQMNSLRAEDTAVYYCARDLSGDFDWLLHPYFFYGMDVWGQGTTVTVSS,QSALTQPPSASGSPGQSVTFSCTGTSSDVGGYNYVSWYQQHPGKAPKLMIYEVSKRPSGVPDRFSGSKSGNTASLTVSGLQAEDEADYYCTAYAGSNIYVFGTGTTVTVL,TASGFIFSRYGMH,23-35,VIWSDATNQY,50-59,ARDLSGDFDWLFFYPHLYGMDV,97-118,TGTSSDVGGYNYVS,23-36,YEVSKRPS,51-58,TAYAGSNIYV,91-100,TASGFIFSRYGMHVIWSDATNQYARDLSGDFDWLFFYPHLYGMDVTGTSSDVGGYNYVSYEVSKRPSTAYAGSNIYV
Sequence_40,2,QVQVEQSGTEVKKPGSSVKVSCKASGGTFSTSGISWVRQAPGQGLEWMGGIVPIFGTANYAQKFQGRVTISADESTSTAYMELSSLRSDDTAVYYCARDERHFDWLLPSDYFYYMDVWGKGTTVTVSS,QSALTQPASVSGSPGQSITISCTGTSSDIGNYNFVSWYQQHPGKVPKRLIYDVNKRPSGVSNRFSGSKSGNTASLTISGLQAEDEADYYCCSYAGSSLVVFGGGTTLTVL,KASGGTFSTSGIS,23-35,GIVPIFGTAN,50-59,ARDERHFDWLLFYDSPYYMDV,97-117,TGTSSDIGNYNFVS,23-36,YDVNKRPS,51-58,CSYAGSSLVV,91-100,KASGGTFSTSGISGIVPIFGTANARDERHFDWLLFYDSPYYMDVTGTSSDIGNYNFVSYDVNKRPSCSYAGSSLVV
Sequence_41,2,QVQVVQSGTEVKKPGSSVKVSCKASGGTFSSSGISWVRQAPGQGLEWMGGIIPIFGTANYAQKFQGRVTITADESTSSAYMELSSLRSDDTAVYYCARDERHFDWLLPSDYFYYMDVWGKGTTVTVSS,QSALTQPASVSGSPGQSITISCTGTSSDVGNYNLVSWYQQHPGKVPKRMIYDVSKRPSGVSNRFSGSKSGNTASLTISGLQAEDEADYYCCSYAGSSLVIFGGGTKLTVL,KASGGTFSSSGIS,23-35,GIIPIFGTAN,50-59,ARDERHFDWLLFYDSPYYMDV,97-117,TGTSSDVGNYNLVS,23-36,YDVSKRPS,51-58,CSYAGSSLVI,91-100,KASGGTFSSSGISGIIPIFGTANARDERHFDWLLFYDSPYYMDVTGTSSDVGNYNLVSYDVSKRPSCSYAGSSLVI
Sequence_45,2,DEQLLESGGGLVQPGGSLRLSCVASGFALSSYGVNWVRQAPGKGLEWVSGISDNGDRTYHADSVKGRFTISRDNSKNTVYLQMNSLRAEDTAVYYCAKDPGALKYFAWLLPDAFNIWGQGTMVTVSS,QSVLTQPPSVSGAPGQRITISCTGSSSNIGAGNDVNWYQQLPGTAPKLLIYDNTNRPSGVPDRFSGSKSGTSASLAISGLQADDEADYYCQSYDSSLSGSWVFGGGTKLTVL,VASGFALSSYGVN,23-35,GISDNGDRTY,50-59,AKDPGALKYFPLLWADAFNI,97-116,TGSSSNIGAGNDVN,23-36,YDNTNRPS,51-58,QSYDSSLSGSWV,91-102,VASGFALSSYGVNGISDNGDRTYAKDPGALKYFPLLWADAFNITGSSSNIGAGNDVNYDNTNRPSQSYDSSLSGSWV
Sequence_56,2,QVQLVQSGAEVKKPGSSVKVSCKVSGGIFNKFGISWVRQAPGQGLEWMGGIIPIFGTPNYAPKFQGRVTITADESTSTAYMELSSLRSEDTAVYYCARDQERNFDWLLPNYYHAMDVWGQGTTVTVSS,QSALTQPASVSGSPGQTISISCTGSSGDVGAYNHVAWYQQHPGKAPKLMIYDVSNRPSGVSDRFSGSKSGNTASLTITGLQAADEADYYCNSYTSSSTLVFGTGTKVTVL,KVSGGIFNKFGIS,23-35,GIIPIFGTPN,50-59,ARDQERNFDWLYYNPLHAMDV,97-117,TGSSGDVGAYNHVA,23-36,YDVSNRPS,51-58,NSYTSSSTLV,91-100,KVSGGIFNKFGISGIIPIFGTPNARDQERNFDWLYYNPLHAMDVTGSSGDVGAYNHVAYDVSNRPSNSYTSSSTLV
Sequence_67,2,QVQLVESGGGVVQPGRSLRVSCAASGFSFSSYGMHWVRQAPGKGLEWVAVISYDVSNKYYADSVKGRFTISRDNSKNRLYLQMNSLRAEDTAVYYCAKDPGLRFFDWVLTEKDYYSYGMDVWGQGTTVIVSS,QSVLTQPPSVSGAPGQRVTISCTGSSSNIGADYDVHWYQQLPGTAPKLLIYRNTNRPSGVPDRFSGSKSGTSASLAITGLQAEDEADYYCQSYDSSLRGYVFGTGTKVTVL,AASGFSFSSYGMH,23-35,VISYDVSNKY,50-59,AKDPGLRFFDWVLSYYDKETYGMDV,97-121,TGSSSNIGADYDVH,23-36,YRNTNRPS,51-58,QSYDSSLRGYV,91-101,AASGFSFSSYGMHVISYDVSNKYAKDPGLRFFDWVLSYYDKETYGMDVTGSSSNIGADYDVHYRNTNRPSQSYDSSLRGYV
Sequence_72,2,EEQLLESGGGLVQPGGSLRLSCAASGFSLSSYAMTWFRQAPGKGLEWVSGISNSGDTTYYADSVKGRFTISRDNSKNTLYLQVDSLRAEDTAVYYCAKDPDGLRSFAWLLPDAFNIWGQGTLVTVSS,QSVLTQPPSVSGAPGQRVTISCAGSSSNIGAGFDVHWYQHLPGTAPKLLIYGSTNRPSGVPDRFSGSKSGTSASLAISGLQADDEADYYCQSYDNRLSAFYVFGTGTKVTVL,AASGFSLSSYAMT,23-35,GISNSGDTTY,50-59,AKDPDGLRSFPLLWADAFNI,97-116,AGSSSNIGAGFDVH,23-36,YGSTNRPS,51-58,QSYDNRLSAFYV,91-102,AASGFSLSSYAMTGISNSGDTTYAKDPDGLRSFPLLWADAFNIAGSSSNIGAGFDVHYGSTNRPSQSYDNRLSAFYV
Sequence_75,2,EVQLVQSGGGLVKPGGSLRLSCAASGFTVTNAWMNWVRQAPGKGLEWVGRIKSKIHGGTADYAAPVKGRFSISRDDSKNTLYLQMNSLKTEDTAVYYCTTDRGRYFDWVLPDYYYGMDVWGQGTTVTVPS,QAVVTQEPSLTVSPGGTVTLTCGSSTGAVTSGHYPHWFQQKPGQAPKTLIYDTSNKHSWTPSRFSGSLLGGKAALTLSGAQPEDEAEFYCLLSYNGDYVFGTGTKVTVL,AASGFTVTNAWMN,23-35,RIKSKIHGGTAD,50-61,TTDRGRYFDWVYYDPLYGMDV,99-119,GSSTGAVTSGHYPH,23-36,YDTSNKHS,51-58,LLSYNGDYV,91-99,AASGFTVTNAWMNRIKSKIHGGTADTTDRGRYFDWVYYDPLYGMDVGSSTGAVTSGHYPHYDTSNKHSLLSYNGDYV
Sequence_80,2,EVQLVESGGGLVKPGGSLRLSCEASGFTFSNSWMSWVRQAPGKGLEWVGLIKRKIDGGTTDYAAPVKDRFTISRDDSKNTLYLQMNSLKSEDTAVYYCTTYNFPLRYFAWLLARAETDFDIWGQGTMVAVSS,QSVLTQPPSVSGAPGQRVAISCTGSSSNIGADYDVHWYQQLPGRAPKVLIYGNNNRPSGVPDRFSGSKSGTSASLAITGLQAEDEADYYCQSYDTSLRGVFGTGTKVTVL,EASGFTFSNSWMS,23-35,LIKRKIDGGTTD,50-61,TTYNFPLRYFAWEARALLTDFDI,99-121,TGSSSNIGADYDVH,23-36,YGNNNRPS,51-58,QSYDTSLRGV,91-100,EASGFTFSNSWMSLIKRKIDGGTTDTTYNFPLRYFAWEARALLTDFDITGSSSNIGADYDVHYGNNNRPSQSYDTSLRGV
Sequence_89,2,QVQLVQSGAEVKKPGSSVKVSCKASGGAFNSYPITWVRQAPGQGLEWMGGIIPVFGPAKYAQKFQGRVTITADESTSTAYMELNSLRSEDTAVYYCARDLRYFDWIIDPYYYYGLDVWGQGTTVTVSS,QSALTQPASVSGSPGQSITISCAGTNRDVGSYNSVSWYQQYPGKAPKLLIYEVSDRPSGVSKRFSGSKSGNTASLTISGLQAEDEANYYCSSYITSSTLVVFGGGTKLTVL,KASGGAFNSYPIT,23-35,GIIPVFGPAK,50-59,ARDLRYFDWIIYYYPDYGLDV,97-117,AGTNRDVGSYNSVS,23-36,YEVSDRPS,51-58,SSYITSSTLVV,91-101,KASGGAFNSYPITGIIPVFGPAKARDLRYFDWIIYYYPDYGLDVAGTNRDVGSYNSVSYEVSDRPSSSYITSSTLVV
Sequence_91,2,EEQLLESGGGLVQPGGSLRLSCAASGFSLSSYAMTWFRQAPGKGLEWVSGISNSGDTTYYADSVKGRFTISRDNSKNTLYLQVDSLRAEDTAVYYCAKDPDGLRSFAWLLPDAFNIWGQGTLVTVSS,QSVLTQPPSVSGAPGQRVTISCAGSSSNIGAGFDVHWYQHLPGTAPKLLIYGSTNRPSGVPDRFSGSKSGTSASLAISGLQADDEADYYCQSYDNRLSAFYVFGTGTKVTVL,AASGFSLSSYAMT,23-35,GISNSGDTTY,50-59,AKDPDGLRSFPLLWADAFNI,97-116,AGSSSNIGAGFDVH,23-36,YGSTNRPS,51-58,QSYDNRLSAFYV,91-102,AASGFSLSSYAMTGISNSGDTTYAKDPDGLRSFPLLWADAFNIAGSSSNIGAGFDVHYGSTNRPSQSYDNRLSAFYV
Sequence_94,2,EEQLLESGGGLVQPGGSLRLSCAASGFSLSSYAMTWFRQAPGKGLEWVSGISNSGDTTYYADSVKGRFTISRDNSKNTLYLQVDSLRAEDTAVYYCAKDPDGLRSFAWLLPDAFNIWGQGTLVTVSS,QSVLTQPPSVSGAPGQRVTISCAGSSSNIGAGFDVHWYQHLPGTAPKLLIYGSTNRPSGVPDRFSGSKSGTSASLAISGLQADDEADYYCQSYDNRLSAFYVFGTGTKVTVL,AASGFSLSSYAMT,23-35,GISNSGDTTY,50-59,AKDPDGLRSFPLLWADAFNI,97-116,AGSSSNIGAGFDVH,23-36,YGSTNRPS,51-58,QSYDNRLSAFYV,91-102,AASGFSLSSYAMTGISNSGDTTYAKDPDGLRSFPLLWADAFNIAGSSSNIGAGFDVHYGSTNRPSQSYDNRLSAFYV
